"First Name","Last Name","Middel Name",Gender,DOB,Email,"Phone Number",Location,Zone,Address,City,State,Zip,Supervisor
"Client 1","Client 1",,Male,2021-08-25,kasey00@larkin.com,(314)-818-2671,"Main Office","All Zone",demo,demo,AL,12345,
"Client 2",,,Male,2021-08-25,vwest@lueilwitz.net,+1.571.390.9078,,,,,,,
"Client 3",,,Male,2021-08-25,cristal58@gmail.com,1-786-373-8527,,,,,,,
"Client 4",,,Male,2021-08-25,schimmel.furman@cartwright.com,"(623) 620-8125",,,,,,,
"Client 5",,,Male,2021-08-25,margot.ritchie@haley.com,+16285832358,,,,,,,
"Client 6",,,Male,2021-08-25,oreilly.tomas@schroeder.com,+15626836176,,,,,,,
"Client 7",,,Male,2021-08-25,sally46@becker.net,+1-779-731-2698,,,,,,,
"Client 8",,,Male,2021-08-25,halvorson.lue@hotmail.com,1-929-330-5481,,,,,,,
"Client 9",,,Male,2021-08-25,fvonrueden@kuphal.com,+1-973-570-5767,,,,,,,
"Client 10",,,Male,2021-08-25,rhoda.marquardt@rosenbaum.com,"(785) 328-0972",,,,,,,
"Client 11",,,Male,2021-08-25,blaze27@gmail.com,"+1 (608) 483-2394",,,,,,,
"Client 12",,,Male,2021-08-25,greenholt.raven@crooks.com,1-904-621-2070,,,,,,,
"Client 13",,,Male,2021-08-25,haleigh.stanton@okuneva.biz,585.918.5577,,,,,,,
"Client 14",,,Male,2021-08-25,nyasia.durgan@muller.info,678-500-1717,,,,,,,
"Client 15",,,Male,2021-08-25,mhills@yahoo.com,"(425) 668-1330",,,,,,,
"Client 16",,,Male,2021-08-25,finn05@hotmail.com,+1-351-997-9455,,,,,,,
"Client 17",,,Male,2021-08-25,jkautzer@doyle.org,430-202-8591,,,,,,,
"Client 18",,,Male,2021-08-25,ryley.streich@rice.com,814-659-7912,,,,,,,
"Client 19",,,Male,2021-08-25,marvin.tracy@marvin.com,+1-404-949-0306,,,,,,,
"Client 20",,,Male,2021-08-25,aroob@shanahan.com,940-272-3283,,,,,,,
"Client 21",,,Male,2021-08-25,hbotsford@hotmail.com,609-684-4670,,,,,,,
"Client 22",,,Male,2021-08-25,sboehm@gmail.com,469.841.3993,,,,,,,
"Client 23",,,Male,2021-08-25,ruecker.bertrand@yahoo.com,1-310-862-6825,,,,,,,
"Client 24",,,Male,2021-08-25,hackett.willow@bernhard.info,"+1 (907) 927-4501",,,,,,,
"Client 25",,,Male,2021-08-25,itzel.bartell@gmail.com,"(336) 222-3935",,,,,,,
"Client 26",,,Male,2021-08-25,ward.nathanial@hotmail.com,1-938-965-6930,,,,,,,
"Client 27",,,Male,2021-08-25,cormier.jewell@yahoo.com,281-317-2548,,,,,,,
"Client 28",,,Male,2021-08-25,fwalter@windler.biz,1-223-344-6639,,,,,,,
"Client 29",,,Male,2021-08-25,mina.dietrich@smitham.biz,"(307) 975-1087",,,,,,,
"Client 30",,,Male,2021-08-25,qlemke@hotmail.com,+1-678-254-9241,,,,,,,
"Client 31",,,Male,2021-08-25,mavis.predovic@gmail.com,+1.938.770.6332,,,,,,,
"Client 32",,,Male,2021-08-25,vmarvin@gmail.com,272.578.8507,,,,,,,
"Client 33",,,Male,2021-08-25,turcotte.kiel@yahoo.com,"(763) 673-7111",,,,,,,
"Client 34",,,Male,2021-08-25,valentine.howe@gmail.com,+13479104721,,,,,,,
"Client 35",,,Male,2021-08-25,hcrooks@hotmail.com,"(678) 312-1054",,,,,,,
"Client 36",,,Male,2021-08-25,waters.elouise@yahoo.com,283.792.1409,,,,,,,
"Client 37",,,Male,2021-08-25,ruthie.quitzon@marquardt.com,845-277-6677,,,,,,,
"Client 38",,,Male,2021-08-25,derek56@gmail.com,+1-478-389-2831,,,,,,,
"Client 39",,,Male,2021-08-25,ojaskolski@yahoo.com,848.734.3815,,,,,,,
"Client 40",,,Male,2021-08-25,ewald.williamson@yahoo.com,281.269.5066,,,,,,,
"Client 41",,,Male,2021-08-25,carmstrong@yahoo.com,"(650) 523-2257",,,,,,,
"Client 42",,,Male,2021-08-25,gwintheiser@hickle.info,986-452-5037,,,,,,,
"Client 43",,,Male,2021-08-25,manuel61@lynch.com,+1-740-370-7428,,,,,,,
"Client 44",,,Male,2021-08-25,santa.klein@hotmail.com,"(309) 951-1367",,,,,,,
"Client 45",,,Male,2021-08-25,zena46@hotmail.com,+1-253-738-4429,,,,,,,
"Client 46",,,Male,2021-08-25,carole.yundt@hotmail.com,1-859-399-1722,,,,,,,
"Client 47",,,Male,2021-08-25,leopoldo80@reynolds.com,"(845) 616-7424",,,,,,,
"Client 48",,,Male,2021-08-25,xmiller@spencer.com,"(386) 507-6983",,,,,,,
"Client 49",,,Male,2021-08-25,iconroy@yahoo.com,"(559) 737-8663",,,,,,,
"Client 50",,,Male,2021-08-25,wilderman.bradford@farrell.org,+1-520-813-1955,,,,,,,
"Client 51",,,Male,2021-08-25,charlie51@hotmail.com,"(667) 393-5636",,,,,,,
"Client 52",,,Male,2021-08-25,jovan.miller@hotmail.com,"(813) 249-1302",,,,,,,
"Client 53",,,Male,2021-08-25,bryana.quigley@kerluke.biz,248-877-9637,,,,,,,
"Client 54",,,Male,2021-08-25,virginie31@deckow.com,1-323-485-0124,,,,,,,
"Client 55",,,Male,2021-08-25,kmayer@schiller.com,+1-218-822-8257,,,,,,,
"Client 56",,,Male,2021-08-25,kale24@corkery.com,847.971.6831,,,,,,,
"Client 57",,,Male,2021-08-25,khowe@pfannerstill.com,+1-769-254-6584,,,,,,,
"Client 58",,,Male,2021-08-25,johnpaul.walker@gmail.com,+19892303145,,,,,,,
"Client 59",,,Male,2021-08-25,vfarrell@gmail.com,1-620-405-8552,,,,,,,
"Client 60",,,Male,2021-08-25,melyna19@upton.com,1-820-985-2601,,,,,,,
"Client 61",,,Male,2021-08-25,marvin.sheridan@gorczany.com,334-515-7399,,,,,,,
"Client 62",,,Male,2021-08-25,alan.kovacek@gmail.com,1-260-932-4253,,,,,,,
"Client 63",,,Male,2021-08-25,wayne94@pacocha.com,775-866-0380,,,,,,,
"Client 64",,,Male,2021-08-25,myrtis.lindgren@nitzsche.com,802.889.5332,,,,,,,
"Client 65",,,Male,2021-08-25,chagenes@simonis.biz,+1-540-272-7535,,,,,,,
"Client 66",,,Male,2021-08-25,qberge@gmail.com,+1-470-767-4702,,,,,,,
"Client 67",,,Male,2021-08-25,abraham34@yahoo.com,1-256-958-2226,,,,,,,
"Client 68",,,Male,2021-08-25,deja23@grant.com,+1-786-266-8346,,,,,,,
"Client 69",,,Male,2021-08-25,rosie58@greenfelder.com,+1-929-292-2291,,,,,,,
"Client 70",,,Male,2021-08-25,cale.leuschke@gmail.com,"+1 (563) 904-8361",,,,,,,
"Client 71",,,Male,2021-08-25,pcruickshank@witting.com,413.469.5837,,,,,,,
"Client 72",,,Male,2021-08-25,emmitt.batz@gmail.com,260.453.8867,,,,,,,
"Client 73",,,Male,2021-08-25,claudine57@bahringer.com,+1-862-239-5706,,,,,,,
"Client 74",,,Male,2021-08-25,vernon.howe@yahoo.com,707.228.1157,,,,,,,
"Client 75",,,Male,2021-08-25,brekke.lazaro@greenfelder.com,+1.702.390.5836,,,,,,,
"Client 76",,,Male,2021-08-25,maya68@miller.com,"(862) 735-4220",,,,,,,
"Client 77",,,Male,2021-08-25,coralie19@boyer.net,"(620) 721-6574",,,,,,,
"Client 78",,,Male,2021-08-25,melody72@ruecker.info,503-736-4738,,,,,,,
"Client 79",,,Male,2021-08-25,runolfsdottir.euna@gislason.com,575.955.9416,,,,,,,
"Client 80",,,Male,2021-08-25,rowan94@gmail.com,+1.930.952.8538,,,,,,,
"Client 81",,,Male,2021-08-25,hammes.hulda@gmail.com,463-238-8024,,,,,,,
"Client 82",,,Male,2021-08-25,brakus.jerome@barton.com,828.407.9777,,,,,,,
"Client 83",,,Male,2021-08-25,ottilie.pagac@ryan.net,"+1 (531) 365-6115",,,,,,,
"Client 84",,,Male,2021-08-25,atowne@hoppe.com,1-820-968-0874,,,,,,,
"Client 85",,,Male,2021-08-25,turner93@gmail.com,986-416-3635,,,,,,,
"Client 86",,,Male,2021-08-25,missouri21@harvey.com,1-938-666-8602,,,,,,,
"Client 87",,,Male,2021-08-25,celia.hansen@simonis.com,+1.929.300.3846,,,,,,,
"Client 88",,,Male,2021-08-25,kassulke.broderick@yahoo.com,715.271.8703,,,,,,,
"Client 89",,,Male,2021-08-25,bauch.katrine@yahoo.com,"+1 (567) 261-6891",,,,,,,
"Client 90",,,Male,2021-08-25,gianni33@yahoo.com,"(272) 960-1322",,,,,,,
"Client 91",,,Male,2021-08-25,nelda.stokes@romaguera.com,+1-385-386-0218,,,,,,,
"Client 92",,,Male,2021-08-25,stanton.keith@rippin.info,+1-202-669-7599,,,,,,,
"Client 93",,,Male,2021-08-25,mayer.clint@hessel.com,+1-843-943-9174,,,,,,,
"Client 94",,,Male,2021-08-25,jstanton@gmail.com,501.851.9630,,,,,,,
"Client 95",,,Male,2021-08-25,alda02@torphy.biz,+1-973-291-2243,,,,,,,
"Client 96",,,Male,2021-08-25,jacynthe.waelchi@gmail.com,631.335.0510,,,,,,,
"Client 97",,,Male,2021-08-25,wunsch.tomasa@weimann.com,"(223) 655-2997",,,,,,,
"Client 98",,,Male,2021-08-25,cjacobs@kub.com,364.988.7601,,,,,,,
"Client 99",,,Male,2021-08-25,rquigley@hotmail.com,+1-423-935-8223,,,,,,,
"Client 100",,,Male,2021-08-25,nzemlak@stehr.com,463.383.8812,,,,,,,
